id,type,text
incident_0000,volume_spike,Call volume spiked 18% above forecast on 2025-12-09 following a product outage. Wait times increased to 15 minutes. Root cause identified as a product outage. Resolution: Root cause was patched and monitoring alert threshold was lowered..
incident_0001,system_outage,Contact center experienced a 79-minute outage of the authentication service system on 2025-09-20. Approximately 275 tickets were delayed. Resolution: Root cause was patched and monitoring alert threshold was lowered..
incident_0002,staffing_gap,"Staffing fell short by 11 agents during the morning shift on 2025-05-05, driven by a product outage. Average handle time increased by 58%. Resolution: Customers were proactively notified via SMS to reduce inbound volume.."
incident_0003,staffing_gap,"Staffing fell short by 4 agents during the afternoon shift on 2025-02-13, driven by a billing statement release. Average handle time increased by 83%. Resolution: Customers were proactively notified via SMS to reduce inbound volume.."
incident_0004,escalation_cluster,"A cluster of 57 escalations related to app login issues occurred on 2025-04-28, concentrated among long-tenured customers. Resolution: Customers were proactively notified via SMS to reduce inbound volume.."
incident_0005,system_outage,Contact center experienced a 44-minute outage of the callback queue system on 2025-12-08. Approximately 274 tickets were delayed. Resolution: Escalation path was streamlined to reduce handle time..
incident_0006,escalation_cluster,"A cluster of 92 escalations related to loan application delays occurred on 2025-05-03, concentrated among long-tenured customers. Resolution: Customers were proactively notified via SMS to reduce inbound volume.."
incident_0007,system_outage,Contact center experienced a 61-minute outage of the payment gateway system on 2025-05-24. Approximately 274 tickets were delayed. Resolution: Staffing schedule was adjusted for the following week..
incident_0008,volume_spike,Call volume spiked 34% above forecast on 2025-11-06 following seasonal demand. Wait times increased to 21 minutes. Root cause identified as seasonal demand. Resolution: Staffing schedule was adjusted for the following week..
incident_0009,volume_spike,Call volume spiked 83% above forecast on 2025-05-25 following seasonal demand. Wait times increased to 18 minutes. Root cause identified as seasonal demand. Resolution: Additional agents were reassigned from overflow queue..
incident_0010,volume_spike,Call volume spiked 53% above forecast on 2025-11-17 following a payment processing delay. Wait times increased to 14 minutes. Root cause identified as a payment processing delay. Resolution: Root cause was patched and monitoring alert threshold was lowered..
incident_0011,volume_spike,Call volume spiked 29% above forecast on 2025-06-27 following a marketing promotion. Wait times increased to 15 minutes. Root cause identified as a marketing promotion. Resolution: Additional agents were reassigned from overflow queue..
incident_0012,system_outage,Contact center experienced a 64-minute outage of the CRM system on 2025-09-06. Approximately 602 tickets were delayed. Resolution: Staffing schedule was adjusted for the following week..
incident_0013,staffing_gap,"Staffing fell short by 3 agents during the morning shift on 2025-08-04, driven by a product outage. Average handle time increased by 81%. Resolution: Additional agents were reassigned from overflow queue.."
incident_0014,volume_spike,Call volume spiked 44% above forecast on 2025-02-02 following a marketing promotion. Wait times increased to 10 minutes. Root cause identified as a marketing promotion. Resolution: Staffing schedule was adjusted for the following week..
incident_0015,staffing_gap,"Staffing fell short by 4 agents during the weekend shift on 2025-04-04, driven by a billing statement release. Average handle time increased by 67%. Resolution: Escalation path was streamlined to reduce handle time.."
incident_0016,escalation_cluster,"A cluster of 45 escalations related to loan application delays occurred on 2025-04-07, concentrated among long-tenured customers. Resolution: Escalation path was streamlined to reduce handle time.."
incident_0017,volume_spike,Call volume spiked 21% above forecast on 2025-11-18 following a billing statement release. Wait times increased to 10 minutes. Root cause identified as a billing statement release. Resolution: Root cause was patched and monitoring alert threshold was lowered..
incident_0018,staffing_gap,"Staffing fell short by 4 agents during the morning shift on 2025-07-09, driven by a policy change announcement. Average handle time increased by 15%. Resolution: Escalation path was streamlined to reduce handle time.."
incident_0019,escalation_cluster,"A cluster of 20 escalations related to fraud alerts occurred on 2025-01-19, concentrated among new customers. Resolution: Staffing schedule was adjusted for the following week.."
incident_0020,staffing_gap,"Staffing fell short by 11 agents during the afternoon shift on 2025-10-08, driven by a payment processing delay. Average handle time increased by 30%. Resolution: Additional agents were reassigned from overflow queue.."
incident_0021,escalation_cluster,"A cluster of 11 escalations related to loan application delays occurred on 2025-05-13, concentrated among new customers. Resolution: Customers were proactively notified via SMS to reduce inbound volume.."
incident_0022,escalation_cluster,"A cluster of 100 escalations related to app login issues occurred on 2025-06-03, concentrated among new customers. Resolution: Customers were proactively notified via SMS to reduce inbound volume.."
incident_0023,volume_spike,Call volume spiked 32% above forecast on 2025-05-04 following a billing statement release. Wait times increased to 31 minutes. Root cause identified as a billing statement release. Resolution: Staffing schedule was adjusted for the following week..
incident_0024,staffing_gap,"Staffing fell short by 8 agents during the weekend shift on 2025-01-03, driven by seasonal demand. Average handle time increased by 47%. Resolution: Customers were proactively notified via SMS to reduce inbound volume.."
incident_0025,staffing_gap,"Staffing fell short by 7 agents during the morning shift on 2025-02-03, driven by seasonal demand. Average handle time increased by 16%. Resolution: Staffing schedule was adjusted for the following week.."
incident_0026,escalation_cluster,"A cluster of 62 escalations related to card replacement requests occurred on 2025-01-12, concentrated among long-tenured customers. Resolution: Root cause was patched and monitoring alert threshold was lowered.."
incident_0027,system_outage,Contact center experienced a 41-minute outage of the payment gateway system on 2025-01-06. Approximately 213 tickets were delayed. Resolution: Escalation path was streamlined to reduce handle time..
incident_0028,system_outage,Contact center experienced a 38-minute outage of the IVR system on 2025-08-12. Approximately 725 tickets were delayed. Resolution: Root cause was patched and monitoring alert threshold was lowered..
incident_0029,escalation_cluster,"A cluster of 43 escalations related to fraud alerts occurred on 2025-11-17, concentrated among mobile-app customers. Resolution: Staffing schedule was adjusted for the following week.."
incident_0030,staffing_gap,"Staffing fell short by 4 agents during the weekend shift on 2025-12-26, driven by a marketing promotion. Average handle time increased by 59%. Resolution: Staffing schedule was adjusted for the following week.."
incident_0031,volume_spike,Call volume spiked 81% above forecast on 2025-09-22 following seasonal demand. Wait times increased to 31 minutes. Root cause identified as seasonal demand. Resolution: Root cause was patched and monitoring alert threshold was lowered..
incident_0032,escalation_cluster,"A cluster of 95 escalations related to loan application delays occurred on 2025-06-13, concentrated among long-tenured customers. Resolution: Staffing schedule was adjusted for the following week.."
incident_0033,volume_spike,Call volume spiked 53% above forecast on 2025-05-07 following a policy change announcement. Wait times increased to 33 minutes. Root cause identified as a policy change announcement. Resolution: Staffing schedule was adjusted for the following week..
incident_0034,system_outage,Contact center experienced a 52-minute outage of the IVR system on 2025-05-17. Approximately 290 tickets were delayed. Resolution: Staffing schedule was adjusted for the following week..
incident_0035,volume_spike,Call volume spiked 20% above forecast on 2025-04-16 following a payment processing delay. Wait times increased to 35 minutes. Root cause identified as a payment processing delay. Resolution: Additional agents were reassigned from overflow queue..
incident_0036,system_outage,Contact center experienced a 64-minute outage of the CRM system on 2025-11-23. Approximately 230 tickets were delayed. Resolution: Additional agents were reassigned from overflow queue..
incident_0037,volume_spike,Call volume spiked 73% above forecast on 2025-03-26 following a policy change announcement. Wait times increased to 29 minutes. Root cause identified as a policy change announcement. Resolution: Staffing schedule was adjusted for the following week..
incident_0038,system_outage,Contact center experienced a 76-minute outage of the authentication service system on 2025-08-09. Approximately 691 tickets were delayed. Resolution: Customers were proactively notified via SMS to reduce inbound volume..
incident_0039,system_outage,Contact center experienced a 29-minute outage of the CRM system on 2025-06-11. Approximately 442 tickets were delayed. Resolution: Root cause was patched and monitoring alert threshold was lowered..
incident_0040,staffing_gap,"Staffing fell short by 18 agents during the morning shift on 2025-09-15, driven by a policy change announcement. Average handle time increased by 57%. Resolution: Root cause was patched and monitoring alert threshold was lowered.."
incident_0041,escalation_cluster,"A cluster of 38 escalations related to app login issues occurred on 2025-07-28, concentrated among high-value customers. Resolution: Staffing schedule was adjusted for the following week.."
incident_0042,staffing_gap,"Staffing fell short by 3 agents during the morning shift on 2025-11-22, driven by a policy change announcement. Average handle time increased by 58%. Resolution: Root cause was patched and monitoring alert threshold was lowered.."
incident_0043,staffing_gap,"Staffing fell short by 11 agents during the weekend shift on 2025-08-06, driven by a billing statement release. Average handle time increased by 32%. Resolution: Escalation path was streamlined to reduce handle time.."
incident_0044,escalation_cluster,"A cluster of 18 escalations related to fee disputes occurred on 2025-08-01, concentrated among new customers. Resolution: Additional agents were reassigned from overflow queue.."
incident_0045,volume_spike,Call volume spiked 34% above forecast on 2025-04-05 following a policy change announcement. Wait times increased to 29 minutes. Root cause identified as a policy change announcement. Resolution: Additional agents were reassigned from overflow queue..
incident_0046,system_outage,Contact center experienced a 58-minute outage of the authentication service system on 2025-02-19. Approximately 782 tickets were delayed. Resolution: Staffing schedule was adjusted for the following week..
incident_0047,volume_spike,Call volume spiked 20% above forecast on 2025-06-18 following a policy change announcement. Wait times increased to 29 minutes. Root cause identified as a policy change announcement. Resolution: Customers were proactively notified via SMS to reduce inbound volume..
incident_0048,staffing_gap,"Staffing fell short by 17 agents during the weekend shift on 2025-11-27, driven by a policy change announcement. Average handle time increased by 61%. Resolution: Root cause was patched and monitoring alert threshold was lowered.."
incident_0049,escalation_cluster,"A cluster of 88 escalations related to loan application delays occurred on 2025-04-27, concentrated among mobile-app customers. Resolution: Escalation path was streamlined to reduce handle time.."
incident_0050,escalation_cluster,"A cluster of 99 escalations related to app login issues occurred on 2025-08-07, concentrated among new customers. Resolution: Customers were proactively notified via SMS to reduce inbound volume.."
incident_0051,volume_spike,Call volume spiked 45% above forecast on 2025-12-14 following a policy change announcement. Wait times increased to 25 minutes. Root cause identified as a policy change announcement. Resolution: Root cause was patched and monitoring alert threshold was lowered..
incident_0052,staffing_gap,"Staffing fell short by 14 agents during the weekend shift on 2025-05-22, driven by a payment processing delay. Average handle time increased by 46%. Resolution: Escalation path was streamlined to reduce handle time.."
incident_0053,escalation_cluster,"A cluster of 107 escalations related to fraud alerts occurred on 2025-05-08, concentrated among long-tenured customers. Resolution: Root cause was patched and monitoring alert threshold was lowered.."
incident_0054,escalation_cluster,"A cluster of 32 escalations related to app login issues occurred on 2025-10-10, concentrated among new customers. Resolution: Root cause was patched and monitoring alert threshold was lowered.."
incident_0055,escalation_cluster,"A cluster of 83 escalations related to app login issues occurred on 2025-01-18, concentrated among high-value customers. Resolution: Root cause was patched and monitoring alert threshold was lowered.."
incident_0056,escalation_cluster,"A cluster of 83 escalations related to fee disputes occurred on 2025-01-09, concentrated among long-tenured customers. Resolution: Additional agents were reassigned from overflow queue.."
incident_0057,volume_spike,Call volume spiked 46% above forecast on 2025-02-18 following a policy change announcement. Wait times increased to 27 minutes. Root cause identified as a policy change announcement. Resolution: Staffing schedule was adjusted for the following week..
incident_0058,escalation_cluster,"A cluster of 94 escalations related to fee disputes occurred on 2025-10-24, concentrated among long-tenured customers. Resolution: Root cause was patched and monitoring alert threshold was lowered.."
incident_0059,volume_spike,Call volume spiked 35% above forecast on 2025-01-14 following a policy change announcement. Wait times increased to 30 minutes. Root cause identified as a policy change announcement. Resolution: Staffing schedule was adjusted for the following week..
incident_0060,system_outage,Contact center experienced a 64-minute outage of the IVR system on 2025-11-19. Approximately 607 tickets were delayed. Resolution: Root cause was patched and monitoring alert threshold was lowered..
incident_0061,volume_spike,Call volume spiked 36% above forecast on 2025-05-20 following seasonal demand. Wait times increased to 34 minutes. Root cause identified as seasonal demand. Resolution: Staffing schedule was adjusted for the following week..
incident_0062,staffing_gap,"Staffing fell short by 11 agents during the morning shift on 2025-10-02, driven by a policy change announcement. Average handle time increased by 25%. Resolution: Customers were proactively notified via SMS to reduce inbound volume.."
incident_0063,system_outage,Contact center experienced a 84-minute outage of the authentication service system on 2025-09-21. Approximately 700 tickets were delayed. Resolution: Root cause was patched and monitoring alert threshold was lowered..
incident_0064,staffing_gap,"Staffing fell short by 20 agents during the morning shift on 2025-06-22, driven by a billing statement release. Average handle time increased by 57%. Resolution: Root cause was patched and monitoring alert threshold was lowered.."
incident_0065,staffing_gap,"Staffing fell short by 4 agents during the afternoon shift on 2025-06-09, driven by a marketing promotion. Average handle time increased by 26%. Resolution: Escalation path was streamlined to reduce handle time.."
incident_0066,escalation_cluster,"A cluster of 66 escalations related to loan application delays occurred on 2025-11-15, concentrated among new customers. Resolution: Customers were proactively notified via SMS to reduce inbound volume.."
incident_0067,system_outage,Contact center experienced a 38-minute outage of the IVR system on 2025-09-01. Approximately 522 tickets were delayed. Resolution: Additional agents were reassigned from overflow queue..
incident_0068,staffing_gap,"Staffing fell short by 11 agents during the weekend shift on 2025-08-08, driven by a policy change announcement. Average handle time increased by 76%. Resolution: Root cause was patched and monitoring alert threshold was lowered.."
incident_0069,escalation_cluster,"A cluster of 72 escalations related to fraud alerts occurred on 2025-05-27, concentrated among high-value customers. Resolution: Customers were proactively notified via SMS to reduce inbound volume.."
incident_0070,escalation_cluster,"A cluster of 40 escalations related to card replacement requests occurred on 2025-09-25, concentrated among high-value customers. Resolution: Escalation path was streamlined to reduce handle time.."
incident_0071,volume_spike,Call volume spiked 55% above forecast on 2025-12-16 following seasonal demand. Wait times increased to 33 minutes. Root cause identified as seasonal demand. Resolution: Escalation path was streamlined to reduce handle time..
incident_0072,volume_spike,Call volume spiked 82% above forecast on 2025-08-01 following seasonal demand. Wait times increased to 12 minutes. Root cause identified as seasonal demand. Resolution: Escalation path was streamlined to reduce handle time..
incident_0073,escalation_cluster,"A cluster of 18 escalations related to fraud alerts occurred on 2025-07-11, concentrated among mobile-app customers. Resolution: Escalation path was streamlined to reduce handle time.."
incident_0074,staffing_gap,"Staffing fell short by 14 agents during the overnight shift on 2025-11-23, driven by a billing statement release. Average handle time increased by 27%. Resolution: Root cause was patched and monitoring alert threshold was lowered.."
incident_0075,staffing_gap,"Staffing fell short by 18 agents during the afternoon shift on 2025-04-17, driven by a policy change announcement. Average handle time increased by 33%. Resolution: Root cause was patched and monitoring alert threshold was lowered.."
incident_0076,system_outage,Contact center experienced a 69-minute outage of the payment gateway system on 2025-11-09. Approximately 743 tickets were delayed. Resolution: Additional agents were reassigned from overflow queue..
incident_0077,escalation_cluster,"A cluster of 23 escalations related to fraud alerts occurred on 2025-12-09, concentrated among high-value customers. Resolution: Customers were proactively notified via SMS to reduce inbound volume.."
incident_0078,escalation_cluster,"A cluster of 116 escalations related to app login issues occurred on 2025-11-13, concentrated among long-tenured customers. Resolution: Staffing schedule was adjusted for the following week.."
incident_0079,system_outage,Contact center experienced a 90-minute outage of the IVR system on 2025-11-25. Approximately 692 tickets were delayed. Resolution: Root cause was patched and monitoring alert threshold was lowered..
incident_0080,escalation_cluster,"A cluster of 110 escalations related to card replacement requests occurred on 2025-02-10, concentrated among mobile-app customers. Resolution: Escalation path was streamlined to reduce handle time.."
incident_0081,system_outage,Contact center experienced a 24-minute outage of the authentication service system on 2025-08-26. Approximately 127 tickets were delayed. Resolution: Customers were proactively notified via SMS to reduce inbound volume..
incident_0082,volume_spike,Call volume spiked 65% above forecast on 2025-01-09 following a payment processing delay. Wait times increased to 11 minutes. Root cause identified as a payment processing delay. Resolution: Escalation path was streamlined to reduce handle time..
incident_0083,volume_spike,Call volume spiked 56% above forecast on 2025-10-08 following seasonal demand. Wait times increased to 10 minutes. Root cause identified as seasonal demand. Resolution: Escalation path was streamlined to reduce handle time..
incident_0084,volume_spike,Call volume spiked 27% above forecast on 2025-04-18 following a product outage. Wait times increased to 20 minutes. Root cause identified as a product outage. Resolution: Escalation path was streamlined to reduce handle time..
incident_0085,staffing_gap,"Staffing fell short by 4 agents during the weekend shift on 2025-01-23, driven by a marketing promotion. Average handle time increased by 50%. Resolution: Escalation path was streamlined to reduce handle time.."
incident_0086,escalation_cluster,"A cluster of 110 escalations related to app login issues occurred on 2025-02-28, concentrated among long-tenured customers. Resolution: Root cause was patched and monitoring alert threshold was lowered.."
incident_0087,volume_spike,Call volume spiked 85% above forecast on 2025-04-19 following a product outage. Wait times increased to 34 minutes. Root cause identified as a product outage. Resolution: Root cause was patched and monitoring alert threshold was lowered..
incident_0088,system_outage,Contact center experienced a 55-minute outage of the CRM system on 2025-11-28. Approximately 652 tickets were delayed. Resolution: Additional agents were reassigned from overflow queue..
incident_0089,system_outage,Contact center experienced a 67-minute outage of the payment gateway system on 2025-09-04. Approximately 575 tickets were delayed. Resolution: Escalation path was streamlined to reduce handle time..
incident_0090,volume_spike,Call volume spiked 81% above forecast on 2025-05-15 following seasonal demand. Wait times increased to 8 minutes. Root cause identified as seasonal demand. Resolution: Additional agents were reassigned from overflow queue..
incident_0091,volume_spike,Call volume spiked 56% above forecast on 2025-10-05 following a billing statement release. Wait times increased to 12 minutes. Root cause identified as a billing statement release. Resolution: Customers were proactively notified via SMS to reduce inbound volume..
incident_0092,staffing_gap,"Staffing fell short by 13 agents during the weekend shift on 2025-10-14, driven by a billing statement release. Average handle time increased by 79%. Resolution: Additional agents were reassigned from overflow queue.."
incident_0093,staffing_gap,"Staffing fell short by 5 agents during the morning shift on 2025-12-04, driven by a marketing promotion. Average handle time increased by 68%. Resolution: Customers were proactively notified via SMS to reduce inbound volume.."
incident_0094,volume_spike,Call volume spiked 70% above forecast on 2025-02-24 following seasonal demand. Wait times increased to 19 minutes. Root cause identified as seasonal demand. Resolution: Root cause was patched and monitoring alert threshold was lowered..
incident_0095,escalation_cluster,"A cluster of 74 escalations related to fraud alerts occurred on 2025-12-02, concentrated among long-tenured customers. Resolution: Customers were proactively notified via SMS to reduce inbound volume.."
incident_0096,volume_spike,Call volume spiked 59% above forecast on 2025-09-12 following a billing statement release. Wait times increased to 32 minutes. Root cause identified as a billing statement release. Resolution: Customers were proactively notified via SMS to reduce inbound volume..
incident_0097,system_outage,Contact center experienced a 10-minute outage of the CRM system on 2025-12-25. Approximately 196 tickets were delayed. Resolution: Customers were proactively notified via SMS to reduce inbound volume..
incident_0098,volume_spike,Call volume spiked 82% above forecast on 2025-04-13 following a policy change announcement. Wait times increased to 22 minutes. Root cause identified as a policy change announcement. Resolution: Customers were proactively notified via SMS to reduce inbound volume..
incident_0099,system_outage,Contact center experienced a 72-minute outage of the callback queue system on 2025-11-03. Approximately 502 tickets were delayed. Resolution: Escalation path was streamlined to reduce handle time..
incident_0100,escalation_cluster,"A cluster of 49 escalations related to fee disputes occurred on 2025-02-10, concentrated among long-tenured customers. Resolution: Staffing schedule was adjusted for the following week.."
incident_0101,volume_spike,Call volume spiked 41% above forecast on 2025-05-07 following a product outage. Wait times increased to 32 minutes. Root cause identified as a product outage. Resolution: Customers were proactively notified via SMS to reduce inbound volume..
incident_0102,staffing_gap,"Staffing fell short by 5 agents during the overnight shift on 2025-12-08, driven by a payment processing delay. Average handle time increased by 83%. Resolution: Customers were proactively notified via SMS to reduce inbound volume.."
incident_0103,staffing_gap,"Staffing fell short by 14 agents during the morning shift on 2025-12-21, driven by a policy change announcement. Average handle time increased by 66%. Resolution: Additional agents were reassigned from overflow queue.."
incident_0104,staffing_gap,"Staffing fell short by 13 agents during the afternoon shift on 2025-04-14, driven by a payment processing delay. Average handle time increased by 28%. Resolution: Staffing schedule was adjusted for the following week.."
incident_0105,volume_spike,Call volume spiked 80% above forecast on 2025-11-04 following a payment processing delay. Wait times increased to 24 minutes. Root cause identified as a payment processing delay. Resolution: Root cause was patched and monitoring alert threshold was lowered..
incident_0106,escalation_cluster,"A cluster of 106 escalations related to card replacement requests occurred on 2025-03-20, concentrated among high-value customers. Resolution: Additional agents were reassigned from overflow queue.."
incident_0107,system_outage,Contact center experienced a 45-minute outage of the callback queue system on 2025-02-16. Approximately 107 tickets were delayed. Resolution: Customers were proactively notified via SMS to reduce inbound volume..
incident_0108,staffing_gap,"Staffing fell short by 17 agents during the afternoon shift on 2025-01-12, driven by a marketing promotion. Average handle time increased by 19%. Resolution: Additional agents were reassigned from overflow queue.."
incident_0109,escalation_cluster,"A cluster of 92 escalations related to fraud alerts occurred on 2025-09-05, concentrated among new customers. Resolution: Additional agents were reassigned from overflow queue.."
incident_0110,staffing_gap,"Staffing fell short by 13 agents during the morning shift on 2025-09-20, driven by a product outage. Average handle time increased by 82%. Resolution: Customers were proactively notified via SMS to reduce inbound volume.."
incident_0111,escalation_cluster,"A cluster of 20 escalations related to card replacement requests occurred on 2025-09-22, concentrated among long-tenured customers. Resolution: Customers were proactively notified via SMS to reduce inbound volume.."
incident_0112,staffing_gap,"Staffing fell short by 16 agents during the overnight shift on 2025-10-23, driven by a billing statement release. Average handle time increased by 31%. Resolution: Staffing schedule was adjusted for the following week.."
incident_0113,volume_spike,Call volume spiked 61% above forecast on 2025-05-06 following a product outage. Wait times increased to 18 minutes. Root cause identified as a product outage. Resolution: Escalation path was streamlined to reduce handle time..
incident_0114,escalation_cluster,"A cluster of 66 escalations related to fee disputes occurred on 2025-10-13, concentrated among high-value customers. Resolution: Root cause was patched and monitoring alert threshold was lowered.."
incident_0115,staffing_gap,"Staffing fell short by 17 agents during the weekend shift on 2025-12-26, driven by a policy change announcement. Average handle time increased by 51%. Resolution: Staffing schedule was adjusted for the following week.."
incident_0116,escalation_cluster,"A cluster of 16 escalations related to loan application delays occurred on 2025-09-17, concentrated among mobile-app customers. Resolution: Root cause was patched and monitoring alert threshold was lowered.."
incident_0117,volume_spike,Call volume spiked 51% above forecast on 2025-02-25 following a product outage. Wait times increased to 16 minutes. Root cause identified as a product outage. Resolution: Escalation path was streamlined to reduce handle time..
incident_0118,staffing_gap,"Staffing fell short by 13 agents during the afternoon shift on 2025-07-17, driven by a marketing promotion. Average handle time increased by 21%. Resolution: Escalation path was streamlined to reduce handle time.."
incident_0119,system_outage,Contact center experienced a 70-minute outage of the authentication service system on 2025-05-27. Approximately 680 tickets were delayed. Resolution: Root cause was patched and monitoring alert threshold was lowered..
incident_0120,system_outage,Contact center experienced a 46-minute outage of the CRM system on 2025-12-20. Approximately 358 tickets were delayed. Resolution: Additional agents were reassigned from overflow queue..
incident_0121,volume_spike,Call volume spiked 29% above forecast on 2025-08-20 following a payment processing delay. Wait times increased to 8 minutes. Root cause identified as a payment processing delay. Resolution: Staffing schedule was adjusted for the following week..
incident_0122,system_outage,Contact center experienced a 56-minute outage of the IVR system on 2025-03-22. Approximately 588 tickets were delayed. Resolution: Staffing schedule was adjusted for the following week..
incident_0123,volume_spike,Call volume spiked 64% above forecast on 2025-06-09 following seasonal demand. Wait times increased to 8 minutes. Root cause identified as seasonal demand. Resolution: Customers were proactively notified via SMS to reduce inbound volume..
incident_0124,escalation_cluster,"A cluster of 18 escalations related to loan application delays occurred on 2025-06-27, concentrated among new customers. Resolution: Escalation path was streamlined to reduce handle time.."
incident_0125,volume_spike,Call volume spiked 40% above forecast on 2025-01-11 following a marketing promotion. Wait times increased to 24 minutes. Root cause identified as a marketing promotion. Resolution: Escalation path was streamlined to reduce handle time..
incident_0126,escalation_cluster,"A cluster of 33 escalations related to loan application delays occurred on 2025-02-26, concentrated among high-value customers. Resolution: Escalation path was streamlined to reduce handle time.."
incident_0127,volume_spike,Call volume spiked 69% above forecast on 2025-02-14 following a payment processing delay. Wait times increased to 34 minutes. Root cause identified as a payment processing delay. Resolution: Root cause was patched and monitoring alert threshold was lowered..
incident_0128,staffing_gap,"Staffing fell short by 5 agents during the weekend shift on 2025-03-23, driven by a policy change announcement. Average handle time increased by 69%. Resolution: Escalation path was streamlined to reduce handle time.."
incident_0129,escalation_cluster,"A cluster of 26 escalations related to fee disputes occurred on 2025-12-22, concentrated among long-tenured customers. Resolution: Root cause was patched and monitoring alert threshold was lowered.."
incident_0130,staffing_gap,"Staffing fell short by 15 agents during the overnight shift on 2025-10-05, driven by seasonal demand. Average handle time increased by 19%. Resolution: Customers were proactively notified via SMS to reduce inbound volume.."
incident_0131,escalation_cluster,"A cluster of 25 escalations related to app login issues occurred on 2025-02-01, concentrated among mobile-app customers. Resolution: Escalation path was streamlined to reduce handle time.."
incident_0132,escalation_cluster,"A cluster of 66 escalations related to fee disputes occurred on 2025-04-04, concentrated among mobile-app customers. Resolution: Additional agents were reassigned from overflow queue.."
incident_0133,escalation_cluster,"A cluster of 25 escalations related to fraud alerts occurred on 2025-03-23, concentrated among long-tenured customers. Resolution: Root cause was patched and monitoring alert threshold was lowered.."
incident_0134,volume_spike,Call volume spiked 61% above forecast on 2025-09-19 following a marketing promotion. Wait times increased to 22 minutes. Root cause identified as a marketing promotion. Resolution: Staffing schedule was adjusted for the following week..
incident_0135,staffing_gap,"Staffing fell short by 7 agents during the weekend shift on 2025-03-11, driven by seasonal demand. Average handle time increased by 24%. Resolution: Escalation path was streamlined to reduce handle time.."
incident_0136,volume_spike,Call volume spiked 30% above forecast on 2025-09-05 following a marketing promotion. Wait times increased to 13 minutes. Root cause identified as a marketing promotion. Resolution: Root cause was patched and monitoring alert threshold was lowered..
incident_0137,escalation_cluster,"A cluster of 84 escalations related to fraud alerts occurred on 2025-11-10, concentrated among long-tenured customers. Resolution: Additional agents were reassigned from overflow queue.."
incident_0138,volume_spike,Call volume spiked 25% above forecast on 2025-01-21 following a payment processing delay. Wait times increased to 16 minutes. Root cause identified as a payment processing delay. Resolution: Root cause was patched and monitoring alert threshold was lowered..
incident_0139,escalation_cluster,"A cluster of 17 escalations related to fraud alerts occurred on 2025-04-26, concentrated among high-value customers. Resolution: Customers were proactively notified via SMS to reduce inbound volume.."
incident_0140,staffing_gap,"Staffing fell short by 13 agents during the afternoon shift on 2025-06-20, driven by a product outage. Average handle time increased by 41%. Resolution: Customers were proactively notified via SMS to reduce inbound volume.."
incident_0141,staffing_gap,"Staffing fell short by 10 agents during the afternoon shift on 2025-05-15, driven by a product outage. Average handle time increased by 30%. Resolution: Additional agents were reassigned from overflow queue.."
incident_0142,escalation_cluster,"A cluster of 73 escalations related to fee disputes occurred on 2025-04-25, concentrated among new customers. Resolution: Staffing schedule was adjusted for the following week.."
incident_0143,system_outage,Contact center experienced a 73-minute outage of the callback queue system on 2025-10-12. Approximately 719 tickets were delayed. Resolution: Customers were proactively notified via SMS to reduce inbound volume..
incident_0144,volume_spike,Call volume spiked 70% above forecast on 2025-03-09 following seasonal demand. Wait times increased to 19 minutes. Root cause identified as seasonal demand. Resolution: Escalation path was streamlined to reduce handle time..
incident_0145,volume_spike,Call volume spiked 64% above forecast on 2025-09-15 following a payment processing delay. Wait times increased to 16 minutes. Root cause identified as a payment processing delay. Resolution: Staffing schedule was adjusted for the following week..
incident_0146,system_outage,Contact center experienced a 15-minute outage of the IVR system on 2025-10-17. Approximately 190 tickets were delayed. Resolution: Additional agents were reassigned from overflow queue..
incident_0147,system_outage,Contact center experienced a 60-minute outage of the callback queue system on 2025-03-11. Approximately 356 tickets were delayed. Resolution: Root cause was patched and monitoring alert threshold was lowered..
incident_0148,volume_spike,Call volume spiked 62% above forecast on 2025-06-22 following a billing statement release. Wait times increased to 21 minutes. Root cause identified as a billing statement release. Resolution: Staffing schedule was adjusted for the following week..
incident_0149,system_outage,Contact center experienced a 28-minute outage of the CRM system on 2025-11-24. Approximately 82 tickets were delayed. Resolution: Escalation path was streamlined to reduce handle time..
